iter_num,loss_val
0,nan
100,0.3865
100,0.3865
200,0.2401
300,0.1974
400,0.1805
500,0.1759
600,0.1173
700,0.0936
800,0.0858
900,0.0962
1000,0.076
1100,0.0711
1200,0.0822
1300,0.0833
1400,0.0772
1500,0.0315
1600,0.0272
1700,0.0767
1800,0.0701
1800,0.0701
1900,0.0323
2000,0.0289
2100,0.0627
2200,0.0493
2300,0.0443
2400,0.0253
2500,0.023
2500,0.023
2500,0.0768
2600,0.0602
2700,0.0228
2800,0.0213
2900,0.0249
3000,0.0251
3100,0.0806
3200,0.0645
3300,0.018
3400,0.0206
3500,0.0458
3600,0.0165
3700,0.0183
3800,0.0529
3900,0.0371
4000,0.038
4100,0.0189
4200,0.0162
4300,0.0408
4400,0.0313
4500,0.0225
4600,0.0211
4700,0.0198
4800,0.0561
4900,0.0379
5000,0.032
5100,0.0318
5200,0.013
5300,0.0127
5400,0.0283
5500,0.0231
5600,0.0149
5700,0.0143
5800,0.0099
5900,0.012
6000,0.0257
6100,0.0251
6200,0.0225
6200,0.0225
6300,0.026
6400,0.0166
6500,0.0119
6600,0.0105
6700,0.0083
6800,0.0286
6900,0.0194
7000,0.0226
7100,0.0208
7200,0.0209
7300,0.023
7400,0.018
7500,0.0192
7600,0.0241
7700,0.0227
7800,0.0177
8000,0.0223
8100,0.0148
8300,0.0282
8400,0.0194
8500,0.0118
8600,0.0081
8600,0.0081
8700,0.0167
8800,0.0172
8900,0.0165
9000,0.0109
9100,0.0092
9200,0.0097
9300,0.0075
9400,0.0197
9500,0.0201
9600,0.0197
9700,0.0218
9800,0.0151
9900,0.0084
10000,0.0133
10100,0.0099
10200,0.0439
10300,0.0205
10400,0.0181
10500,0.019
10600,0.0118
10700,0.0072
10800,0.0199
10900,0.013
11000,0.0167
11100,0.0181
11200,0.0066
11300,0.0089
11400,0.016
11500,0.0128
11600,0.0161
11700,0.0119
11800,0.007
11900,0.0197
12000,0.0138
12100,0.0179
12200,0.0157
12300,0.0136
12400,0.014
12500,0.0118
12600,0.0099
12700,0.0093
12800,0.0098
12900,0.0069
13000,0.0084
13100,0.0092
13300,0.0128
13300,0.0128
13400,0.0161
13500,0.01
13600,0.0098
13700,0.011
13800,0.0146
13900,0.0149
14000,0.0102
14100,0.0124
14200,0.0127
14300,0.0108
14400,0.0176
14500,0.0121
14600,0.0091
14700,0.0144
14800,0.0115
14900,0.014
15000,0.0146
15200,0.0113
15300,0.0098
15400,0.0134
15500,0.0061
15600,0.0047
15700,0.0151
15800,0.0119
15900,0.0096
16000,0.0172
16100,0.0128
16300,0.0103
16400,0.0108
16500,0.01
16600,0.0151
16700,0.0127
16800,0.0125
16900,0.0104
17000,0.0087
17100,0.0154
17200,0.0124
17300,0.0116
17400,0.0079
17500,0.0118
17600,0.0104
17700,0.009
17800,0.0051
18000,0.0049
18100,0.0131
18200,0.0077
18300,0.0092
18400,0.0091
18500,0.0099
18600,0.0074
18700,0.0062
18800,0.0048
18900,0.0047
19000,0.0044
19100,0.0035
19200,0.004
19300,0.0152
19400,0.0129
19500,0.0109
19600,0.015
19600,0.015
19700,0.0072
19800,0.0061
19800,0.0061
19900,0.007
20000,0.0078
20100,0.012
20200,0.0168
20300,0.0124
20400,0.0121
20500,0.0072
20600,0.0053
20700,0.004
20800,0.0114
20900,0.0079
21000,0.0099
21100,0.0064
21200,0.0092
21300,0.0079
21400,0.009
21500,0.0111
21600,0.0054
21700,0.0042
21800,0.0043
21900,0.014
22000,0.0122
22100,0.0037
22200,0.0036
22200,0.0036
22300,0.0034
22400,0.0034
22500,0.0127
22600,0.0088
22700,0.0061
22800,0.0055
22900,0.0062
23000,0.0099
23100,0.0081
23200,0.0128
23300,0.0096
23400,0.0104
23500,0.0099
23600,0.0073
23700,0.0086
23800,0.0131
23900,0.0099
24000,0.0068
24100,0.0031
24200,0.0111
24300,0.0093
24400,0.0059
24500,0.0055
24600,0.0084
24700,0.0108
24800,0.0065
24900,0.0067
25000,0.0036
25100,0.0035
25200,0.0072
25300,0.008
25400,0.007
25500,0.0081
25600,0.0094
25800,0.0037
25900,0.0039
26000,0.0034
26100,0.0096
26200,0.0081
26300,0.0079
26400,0.0047
26500,0.0055
26600,0.0048
26700,0.0045
26800,0.0063
26900,0.0079
27000,0.0065
27100,0.009
27200,0.0077
27300,0.0089
27400,0.0059
27500,0.0047
27600,0.0058
27700,0.0055
27800,0.0031
27900,0.0026
28000,0.0028
28100,0.0028
28200,0.009
28300,0.0058
28400,0.0054
28500,0.0022
28600,0.0026
28700,0.0069
28800,0.0076
28900,0.0029
29000,0.0027
29100,0.0091
29200,0.0049
29300,0.0046
29400,0.0025
29500,0.0024
29500,0.0024
29600,0.0099
29700,0.0074
29800,0.0035
29900,0.0021
30000,0.0065
30100,0.0043
30200,0.0079
30300,0.0051
30400,0.0055
30500,0.0057
30600,0.0048
30700,0.0022
30800,0.0025
30900,0.0024
31000,0.0022
31100,0.0057
31200,0.0073
31300,0.0023
31400,0.012
31500,0.0047
31600,0.0028
31700,0.0022
31800,0.0063
31900,0.0046
32000,0.0058
32100,0.0048
32200,0.0061
32300,0.0042
32400,0.0096
32500,0.0047
32600,0.0049
32700,0.0023
32800,0.0026
32900,0.0024
33000,0.0022
33100,0.0039
33200,0.0053
33300,0.0025
33400,0.0022
33500,0.0055
33600,0.0034
33700,0.0033
33800,0.0102
33900,0.007
34000,0.0022
34100,0.003
34200,0.0084
34300,0.0076
34500,0.0052
34600,0.0068
34700,0.0079
34800,0.0068
34900,0.0046
35000,0.0028
35100,0.0025
35200,0.0076
35300,0.0039
35400,0.0021
35600,0.0063
35700,0.002
35800,0.0087
35900,0.0075
36000,0.0021
36100,0.0022
36200,0.0054
36300,0.0044
36400,0.0023
36500,0.0069
36600,0.0056
36700,0.0043
36800,0.0038
36900,0.0035
37000,0.0037
37100,0.0022
37200,0.0021
37300,0.0043
37400,0.0034
37500,0.0043
37600,0.003
37600,0.006
37700,0.0063
37800,0.0078
37900,0.0062
37900,0.0062
38000,0.0027
38100,0.002
38200,0.0019
38300,0.0022
38300,0.0022
38400,0.0058
38500,0.002
38600,0.0018
38700,0.0065
38800,0.0052
38900,0.0061
39000,0.0034
39100,0.0039
39100,0.0039
39200,0.0034
39300,0.0067
39400,0.0063
39500,0.0021
39600,0.0019
39700,0.0054
39800,0.0056
39900,0.0054
40000,0.0083
40100,0.0033
40200,0.0035
40300,0.0075
40300,0.0075
40400,0.0059
40500,0.0058
40600,0.0019
40700,0.0022
40800,0.0055
40900,0.0066
41000,0.005
41100,0.0058
41200,0.0054
41300,0.0036
41300,0.0036
41500,0.003
41600,0.0035
41700,0.003
41800,0.0024
41900,0.0045
42000,0.0036
42100,0.0062
42200,0.0021
42300,0.0016
42400,0.0042
42500,0.0034
42600,0.0043
42700,0.0062
42800,0.0074
42800,0.0074
42900,0.003
43000,0.0057
43100,0.0055
43200,0.0018
43300,0.0019
43400,0.0034
43500,0.0032
43700,0.0019
43800,0.0017
43900,0.0058
44000,0.0056
44100,0.0049
44200,0.0041
44300,0.002
44400,0.0017
44500,0.0034
44600,0.0036
44700,0.0016
44900,0.0042
45100,0.0033
45200,0.0031
45400,0.0036
45500,0.0017
45600,0.0014
45700,0.0018
45800,0.0016
45900,0.0036
46000,0.006
46100,0.006
46100,0.006
46200,0.0055
46300,0.0027
46400,0.0029
46400,0.0029
46500,0.0057
46600,0.0068
46700,0.0061
46800,0.0017
46900,0.0016
47000,0.0032
47100,0.003
47100,0.003
47200,0.0051
47300,0.0027
47400,0.0034
47500,0.0022
47600,0.0016
47700,0.0031
47800,0.003
47900,0.0016
48000,0.0015
48100,0.0015
48200,0.0015
48300,0.0034
48400,0.0023
48400,0.0023
48500,0.0064
48600,0.0027
48700,0.0031
48800,0.0016
48900,0.0018
49000,0.0031
49100,0.0025
49100,0.0025
49200,0.0017
49300,0.0016
49300,0.0016
49400,0.0014
49500,0.0016
49600,0.0029
49700,0.0039
49800,0.004
49900,0.0061
50000,0.0028
50100,0.0026
50200,0.0029
50300,0.0026
50400,0.0033
50500,0.0038
50600,0.006
50700,0.0026
50800,0.0028
50900,0.0026
51000,0.0032
51100,0.0025
51200,0.0028
51300,0.0014
51400,0.0015
51500,0.0041
51600,0.0049
51700,0.005
51800,0.0027
51900,0.0026
52000,0.005
52200,0.0019
52300,0.0072
52400,0.0055
52400,0.0055
52500,0.0044
52600,0.0049
52700,0.0043
52800,0.0052
52900,0.0026
53000,0.0025
53100,0.0014
53200,0.0014
53300,0.0049
53400,0.0035
53500,0.0035
53600,0.0013
53700,0.0012
53800,0.0026
53900,0.0022
54000,0.0015
54100,0.0017
54200,0.0016
54300,0.0015
54400,0.0063
54500,0.0051
54600,0.0034
54700,0.0022
54800,0.0052
54900,0.0042
55000,0.0015
55100,0.0014
55200,0.0055
55300,0.0056
55400,0.004
55500,0.0043
55600,0.0032
55700,0.0026
55700,0.0026
55800,0.0022
55900,0.0021
55900,0.0021
56000,0.0055
56100,0.0049
56200,0.0054
56300,0.004
56400,0.0044
56400,0.0044
56500,0.0037
56600,0.0049
56700,0.0037
56800,0.0029
56900,0.0027
57000,0.0025
57100,0.0058
57200,0.0065
57300,0.0016
57400,0.0014
57500,0.0026
57600,0.003
57700,0.0013
57800,0.0016
57900,0.0027
58000,0.0024
58100,0.0033
58200,0.0045
58300,0.0016
58400,0.0046
58500,0.003
58600,0.0019
58700,0.0013
58800,0.0055
58900,0.0044
59000,0.0027
59100,0.0026
59200,0.0062
59300,0.0028
59400,0.0055
59500,0.0021
59600,0.0062
59700,0.0048
59800,0.0016
59900,0.0014
59900,0.0014
60000,0.0014
60100,0.0013
60200,0.0045
60300,0.003
60500,0.0024
60600,0.0029
60700,0.0037
60800,0.0029
60900,0.0022
61000,0.0053
61100,0.0037
61200,0.0041
61300,0.0033
61400,0.0018
61500,0.0025
61700,0.0013
61800,0.0012
62000,0.0024
62100,0.0022
62100,0.0022
62200,0.0042
62300,0.0047
62400,0.0021
62500,0.0022
62600,0.0026
62700,0.0024
62800,0.0032
62900,0.0013
63000,0.0011
63100,0.0023
63200,0.0024
63300,0.0037
63400,0.0049
63500,0.0011
63600,0.0068
63700,0.0039
63800,0.0023
63900,0.0024
64000,0.0041
64200,0.0027
64300,0.0065
64400,0.0046
64500,0.0021
64600,0.0044
64700,0.0038
64800,0.0026
64900,0.0021
65000,0.0014
65100,0.0014
65200,0.0026
65300,0.0047
65400,0.0043
65500,0.0019
65600,0.0014
65700,0.0036
65800,0.0038
65900,0.004
66000,0.0023
66100,0.0024
66200,0.0024
66300,0.002
66400,0.0029
66500,0.0053
66600,0.0048
66700,0.0023
66800,0.002
67000,0.0033
67100,0.0027
67200,0.0039
67300,0.0034
67300,0.0034
67400,0.0041
67500,0.0023
67600,0.0024
67700,0.0027
67800,0.0035
67900,0.0031
68000,0.0012
68100,0.0012
68200,0.0012
68300,0.001
68400,0.004
68500,0.0041
68600,0.0036
68700,0.0014
68800,0.0012
68900,0.0025
69100,0.0026
69200,0.0026
69300,0.0019
69400,0.0025
69500,0.0027
69600,0.002
69700,0.0024
69800,0.0015
69900,0.0011
70000,0.0021
70100,0.0024
70200,0.0025
70300,0.0019
70400,0.0012
70500,0.0029
70600,0.0019
70700,0.0028
70800,0.0021
70900,0.0024
71000,0.0024
71100,0.0024
71200,0.0047
71300,0.0013
71400,0.0074
71500,0.0042
71600,0.0021
71700,0.0016
71800,0.0012
71900,0.0011
72000,0.0011
72200,0.0057
72300,0.0013
72400,0.0012
72400,0.0012
72400,0.0078
72500,0.0033
72600,0.003
72700,0.0021
72800,0.0012
72900,0.0013
73000,0.0037
73100,0.0016
73200,0.0014
73300,0.0011
73400,0.0011
73500,0.0028
73600,0.0022
73700,0.0011
73800,0.0011
73900,0.0047
74000,0.0018
74100,0.0018
74200,0.0021
74300,0.0024
74400,0.0027
74500,0.0019
74600,0.002
74700,0.0037
74800,0.0033
74900,0.0016
75000,0.0012
75200,0.004
75300,0.0045
75400,0.0013
75500,0.0012
75500,0.0012
75600,0.002
75700,0.002
75800,0.0022
75900,0.002
76000,0.0019
76100,0.003
76200,0.0049
76300,0.0011
76400,0.0069
76500,0.0036
76600,0.0048
76700,0.0011
76800,0.0009
76900,0.0019
77000,0.0018
77100,0.0012
77200,0.0011
77300,0.0013
77400,0.0011
77500,0.0019
77600,0.0017
77700,0.001
77800,0.0009
77900,0.0019
78000,0.0021
78100,0.0019
78200,0.0038
78300,0.0028
78400,0.0018
78500,0.0011
78600,0.0022
78600,0.0022
78700,0.0017
78800,0.0038
78900,0.0022
79000,0.0022
79100,0.0022
79200,0.0041
79300,0.0013
79400,0.0011
79500,0.0031
79600,0.0029
79700,0.0011
79800,0.0011
79900,0.004
80000,0.0012
80100,0.0012
80200,0.0013
80300,0.0011
80500,0.0024
80600,0.0019
80700,0.0044
80800,0.003
80900,0.0011
81000,0.0011
81100,0.0011
81200,0.0011
81300,0.0018
81400,0.0018
81500,0.0009
81600,0.0008
81700,0.0032
81800,0.0015
81900,0.0011
82000,0.0019
82100,0.0017
82200,0.005
82300,0.0021
82400,0.001
82500,0.0011
82600,0.001
82700,0.0034
82800,0.002
82900,0.0021
83000,0.0021
83100,0.001
83200,0.001
83300,0.0018
83400,0.0016
83500,0.0019
83600,0.0017
83700,0.0018
83800,0.0015
83900,0.0042
84000,0.0041
84100,0.001
84200,0.0011
84300,0.0022
84400,0.0019
84500,0.0013
84600,0.0011
84700,0.0009
84800,0.0008
84900,0.0033
85000,0.0027
85100,0.0027
85200,0.0018
85300,0.0014
85300,0.0014
85400,0.0009
85500,0.0009
85600,0.0022
85700,0.0017
85900,0.0031
86000,0.0037
86100,0.0023
86200,0.0021
86300,0.0016
86400,0.0017
86500,0.002
86600,0.0013
86700,0.001
86800,0.0019
86900,0.0018
87000,0.0019
87100,0.0019
87200,0.0038
87300,0.0018
87400,0.0019
87500,0.0017
87600,0.0016
87700,0.0034
87800,0.0009
87900,0.001
88000,0.0012
88100,0.0009
88200,0.001
88300,0.0009
88400,0.0018
88500,0.0014
88600,0.0019
88700,0.0018
88800,0.0015
88900,0.0013
89000,0.0036
89100,0.0008
89200,0.0008
89300,0.0033
89400,0.0009
89500,0.0011
89600,0.0027
89700,0.0041
89800,0.0039
89900,0.0033
90000,0.002
90100,0.0018
90200,0.0026
90300,0.002
90400,0.0016
90500,0.0019
90600,0.0016
90700,0.0011
90800,0.0011
90900,0.0021
91000,0.0019
91100,0.0008
91200,0.0008
91300,0.001
91400,0.0009
91500,0.0019
91600,0.0015
91700,0.0015
91800,0.0017
91900,0.0009
92000,0.0009
92100,0.0025
92200,0.0026
92300,0.0026
92400,0.0008
92500,0.0008
92600,0.0039
92700,0.0014
92800,0.0014
92900,0.0018
93000,0.0017
93100,0.0008
93200,0.0009
93300,0.0033
93400,0.0042
93500,0.0018
93600,0.0009
93700,0.0026
93800,0.0028
93900,0.0038
94000,0.0026
94100,0.0027
94200,0.0013
94300,0.0016
94400,0.0008
94500,0.0008
94600,0.0023
94800,0.0019
94900,0.0032
95000,0.003
95100,0.0035
95200,0.0022
95300,0.0018
95300,0.0018
95400,0.0019
95500,0.0027
95600,0.0022
95700,0.0016
95800,0.0016
95900,0.0014
96000,0.0046
96100,0.0007
96200,0.0054
96300,0.0027
96400,0.0039
96500,0.0019
96600,0.0019
96700,0.0035
96800,0.0019
96900,0.0024
97000,0.0031
97100,0.0018
97200,0.0016
97300,0.0026
97500,0.0008
97600,0.0033
97700,0.0017
97800,0.0039
97900,0.0017
98000,0.0009
98100,0.0023
98200,0.002
98300,0.0032
98400,0.0035
98500,0.002
98600,0.0017
98700,0.0016
98800,0.0017
98900,0.0016
99000,0.0013
99000,0.0013
99100,0.0012
99200,0.0044
99300,0.0038
99400,0.0012
99500,0.0015
99600,0.0014
99700,0.0019
99800,0.0015
99900,0.0034
100000,0.0009
100100,0.0009
100200,0.0015
100300,0.0018
100400,0.0027
100500,0.0023
100600,0.0023
100700,0.0031
100800,0.0041
100900,0.0011
101000,0.0009
101100,0.002
101200,0.0016
101300,0.0016
101400,0.0015
101500,0.0014
101600,0.0034
101700,0.0036
101800,0.0009
101900,0.001
102000,0.0022
102100,0.001
102200,0.0007
102300,0.0038
102400,0.0017
102500,0.0011
102600,0.0011
102700,0.0013
102800,0.0036
102900,0.0023
103000,0.0016
103100,0.0015
103200,0.001
103300,0.0022
103400,0.0016
103500,0.0009
103600,0.0007
103700,0.0032
103800,0.0025
103800,0.0025
103900,0.0007
104000,0.0008
104100,0.0014
104200,0.0018
104300,0.001
104400,0.0043
104500,0.0031
104600,0.0025
104700,0.0011
104800,0.0009
104900,0.002
105000,0.0018
105100,0.0016
105200,0.0015
105300,0.0013
105400,0.0037
105500,0.002
105600,0.0008
105700,0.0017
105800,0.0014
105900,0.0029
106000,0.0029
106100,0.002
106200,0.0022
106300,0.0023
106400,0.0009
106500,0.0008
106600,0.0016
106700,0.0017
106800,0.0012
106900,0.0014
107000,0.0013
107100,0.0041
107200,0.0033
107300,0.0008
107400,0.0008
107500,0.0014
107600,0.0015
107700,0.0013
107800,0.0015
107900,0.0017
108000,0.0014
108100,0.0013
108200,0.0008
108300,0.0008
108400,0.003
108500,0.0014
108600,0.0013
108700,0.0033
108800,0.0011
108900,0.001
109000,0.0007
109100,0.0007
109200,0.0008
109300,0.0008
109400,0.0012
109500,0.0009
109600,0.0006
109800,0.0039
109900,0.0025
110000,0.0024
110100,0.0024
110200,0.0017
110300,0.0015
110400,0.0015
110500,0.0012
110600,0.0022
110800,0.003
110900,0.0012
111000,0.0017
111100,0.0015
111200,0.0031
111300,0.0017
111400,0.0013
111500,0.0024
111600,0.0025
111700,0.0027
111800,0.0015
111900,0.0015
112000,0.0025
112100,0.0021
112200,0.0008
112300,0.0023
112400,0.0014
112500,0.001
112600,0.0009
112700,0.0028
112800,0.0023
112900,0.0023
113000,0.0011
113100,0.0011
113200,0.0016
113300,0.0014
113400,0.0011
113500,0.0016
113600,0.0014
113700,0.0014
113900,0.0012
114000,0.0012
114100,0.0012
114200,0.0012
114300,0.0012
114400,0.0012
114600,0.0016
114700,0.0011
114800,0.0027
114900,0.0026
115000,0.0029
115100,0.0013
115200,0.0017
115300,0.0008
115400,0.0008
115500,0.0013
115600,0.0011
115700,0.002
115700,0.002
115800,0.0007
115900,0.0009
116000,0.0024
116100,0.0024
116100,0.0024
116200,0.0014
116300,0.0009
116500,0.0034
116600,0.0027
116700,0.0025
116700,0.0025
116800,0.0029
116900,0.0015
117000,0.0023
117100,0.0029
117200,0.0031
117300,0.0022
117400,0.0021
117500,0.0013
117600,0.0012
117700,0.0012
117800,0.0019
117900,0.0019
118000,0.0039
118100,0.0022
118300,0.001
118400,0.0029
118500,0.0021
118600,0.0016
118700,0.0014
118800,0.0017
118900,0.0016
118900,0.0016
119000,0.0009
119100,0.0008
119200,0.0013
119300,0.0012
119400,0.0011
119500,0.0007
119600,0.0007
119700,0.0012
119800,0.0013
119900,0.0007
120000,0.0007
120100,0.0012
120200,0.0012
120300,0.0018
120400,0.0013
120500,0.0007
120600,0.0016
120700,0.0011
120800,0.0014
120900,0.0012
121000,0.0009
121100,0.0008
121200,0.0044
121300,0.0009
121400,0.0006
121500,0.0031
121600,0.0019
121700,0.0013
121800,0.0024
121900,0.0019
122000,0.0016
122100,0.0015
122200,0.0007
122300,0.0008
122300,0.0008
122400,0.0011
122500,0.0012
122500,0.0012
122600,0.0013
122700,0.0011
122800,0.0012
122900,0.0015
123000,0.0014
123100,0.002
123200,0.0011
123300,0.0024
123400,0.0025
123400,0.0025
123400,0.0023
123500,0.0013
123600,0.0012
123700,0.0013
123800,0.0025
123900,0.0022
124000,0.0011
124100,0.001
124200,0.0021
124400,0.0008
124500,0.0008
124600,0.0007
124700,0.0058
124800,0.0011
124900,0.0013
125000,0.0013
125100,0.0012
125200,0.0008
125300,0.0008
125400,0.0007
125500,0.0009
125600,0.0007
125700,0.0007
125900,0.0015
126000,0.0013
126100,0.0011
126200,0.0011
126300,0.002
126400,0.0022
126500,0.0008
126600,0.0007
126700,0.0007
126800,0.0007
126900,0.0019
127000,0.0012
127100,0.0014
127200,0.0011
127300,0.0013
127400,0.0011
127500,0.001
127600,0.001
127700,0.001
127800,0.0007
127900,0.0009
128000,0.0008
128100,0.0007
128200,0.0022
128300,0.0011
128400,0.0011
128500,0.0007
128600,0.0006
128700,0.0011
128800,0.0011
128900,0.0008
129000,0.0008
129100,0.0028
129200,0.0028
129300,0.0013
129400,0.0017
129500,0.0007
129600,0.0006
129700,0.0015
129800,0.0011
129900,0.0013
130000,0.0012
130100,0.0024
130200,0.0006
130300,0.0007
130400,0.0028
130500,0.0014
130600,0.0012
130700,0.0027
130800,0.0028
130900,0.0011
131000,0.0007
131100,0.0015
131200,0.0011
131300,0.0012
131400,0.0012
131500,0.0011
131600,0.001
131700,0.0007
131800,0.0007
131900,0.0024
132000,0.0022
132000,0.0022
132100,0.0013
132200,0.0025
132300,0.0018
132400,0.0013
132500,0.0012
132600,0.001
132700,0.0024
132800,0.002
132900,0.0026
133000,0.0008
133100,0.0008
133200,0.0012
133300,0.0011
133400,0.0033
133500,0.0011
133600,0.0011
133700,0.001
133800,0.0009
133900,0.0021
134000,0.0014
134100,0.0013
134200,0.0007
134300,0.0006
134400,0.0026
134500,0.0021
134600,0.001
134700,0.0011
134800,0.0006
134900,0.0006
135000,0.0007
135100,0.0006
135200,0.0014
135300,0.0029
135400,0.0035
135400,0.0035
135600,0.0012
135700,0.0018
135800,0.0013
135900,0.0012
136000,0.0007
136100,0.0009
136200,0.003
136300,0.0006
136400,0.0006
136500,0.0015
136600,0.0009
136700,0.0035
136800,0.0007
136900,0.0008
137000,0.0023
137100,0.0013
137200,0.0012
137300,0.0008
137400,0.0007
137500,0.0011
137600,0.0012
137700,0.001
137800,0.0009
137900,0.0011
138000,0.0019
138100,0.0021
138200,0.0031
138300,0.0013
138400,0.0012
138500,0.0019
138600,0.0013
138700,0.0012
138800,0.0021
138900,0.0021
139000,0.0008
139100,0.0008
139200,0.002
139300,0.0011
139400,0.0012
139500,0.0007
139600,0.0008
139700,0.0007
139800,0.0007
139900,0.0014
140000,0.001
140100,0.0019
140200,0.0022
140300,0.0017
140500,0.0005
140600,0.0025
140700,0.0013
140800,0.001
140900,0.001
141000,0.0013
141100,0.0013
141200,0.001
141200,0.001
141300,0.0012
141400,0.0011
141500,0.0009
141600,0.0014
141700,0.0012
141800,0.001
141900,0.0011
142000,0.0006
142100,0.0006
142200,0.0005
142300,0.0005
142300,0.0005
142400,0.0006
142500,0.0008
142600,0.0017
142700,0.003
142800,0.0031
143000,0.0012
143100,0.0006
143200,0.0006
143300,0.0013
143400,0.0013
143500,0.0005
143600,0.0007
143700,0.0012
143800,0.001
143900,0.0012
144000,0.0009
144200,0.001
144200,0.001
144300,0.0006
144400,0.0005
144500,0.0009
144600,0.001
144700,0.0022
144800,0.0008
144900,0.0008
145000,0.0007
145100,0.0007
145200,0.0015
145300,0.0013
145400,0.0012
145500,0.0013
145600,0.0005
145700,0.0005
145800,0.0007
145900,0.0006
146000,0.0014
146100,0.0019
146200,0.0017
146300,0.0011
146400,0.001
146500,0.001
146600,0.0012
146700,0.0018
146800,0.0024
146900,0.001
147000,0.0007
147100,0.0014
147200,0.0014
147300,0.0011
147400,0.001
147500,0.0026
147600,0.0006
147700,0.0005
147800,0.0005
147900,0.0006
148000,0.0006
148100,0.0006
148200,0.0005
148300,0.0006
148400,0.0026
148500,0.0026
148600,0.0008
148700,0.0007
148800,0.0005
149000,0.002
149100,0.0018
149200,0.0007
149300,0.0006
149400,0.0005
149500,0.0006
149600,0.0009
149700,0.0011
149800,0.0026
149900,0.0006
150000,0.0006
150100,0.0025
150200,0.002
150300,0.0014
150400,0.0005
150500,0.0024
150600,0.0017
150700,0.0023
150800,0.0018
150900,0.0021
151000,0.0014
151100,0.0019
151200,0.0021
151300,0.0014
151400,0.0025
151500,0.0026
151600,0.0011
151700,0.0019
151800,0.0019
151900,0.0009
152000,0.0011
152100,0.0012
152200,0.0014
152300,0.0012
152400,0.0013
152500,0.0011
152600,0.0026
152700,0.0025
152700,0.0025
152800,0.0017
152900,0.0015
153000,0.0016
153100,0.0007
153200,0.0006
153300,0.001
153400,0.0009
153500,0.0005
153600,0.0005
153700,0.0027
153800,0.001
153900,0.0012
154000,0.0012
154100,0.0014
154200,0.0005
154300,0.0005
154400,0.0009
154500,0.0009
154600,0.0006
154700,0.0005
154800,0.0015
154900,0.0009
155000,0.0006
155100,0.0017
155200,0.0017
155300,0.0017
155400,0.0009
155500,0.0005
155600,0.0013
155700,0.0014
155800,0.0012
155900,0.0011
156000,0.0013
156100,0.0011
156100,0.0011
156100,0.0046
156200,0.0006
156300,0.0005
156300,0.0005
156400,0.0026
156500,0.0005
156600,0.0005
156700,0.0005
156800,0.0005
156900,0.0006
157000,0.0006
157100,0.0013
157200,0.0022
157300,0.002
157400,0.0005
157500,0.0005
157600,0.0007
157700,0.0008
157800,0.0016
157900,0.0024
158000,0.0028
158100,0.0021
158200,0.0016
158300,0.0014
158400,0.0014
158500,0.0018
158600,0.0006
158700,0.0005
158800,0.0006
158900,0.0006
159000,0.0017
159100,0.002
159200,0.0009
159300,0.0015
159400,0.0012
159500,0.0015
159600,0.0009
159700,0.0026
159800,0.0013
159900,0.001
160000,0.0006
160100,0.0006
160200,0.0035
160300,0.0006
160400,0.0005
160500,0.0005
160600,0.0005
160700,0.001
160800,0.001
160900,0.0029
161000,0.001
161100,0.0011
161200,0.0019
161300,0.0017
161400,0.0009
161500,0.001
161600,0.0013
161700,0.0013
161800,0.001
161900,0.0009
162000,0.001
162100,0.001
162200,0.0009
162300,0.0017
162400,0.001
162500,0.0008
162600,0.0024
162700,0.0017
162800,0.0017
162900,0.0019
163000,0.0022
163100,0.001
163200,0.001
163300,0.0005
163400,0.0005
163500,0.0018
163600,0.0026
163700,0.0023
163800,0.0005
163900,0.0005
164000,0.0009
164100,0.0009
164200,0.0019
164300,0.0011
164400,0.001
164500,0.0009
164600,0.0008
164700,0.0009
164800,0.0011
164900,0.0005
165000,0.0005
165100,0.0013
165200,0.0011
165300,0.0011
165400,0.0009
165500,0.0008
165600,0.0016
165700,0.0016
165800,0.0009
165900,0.0029
166000,0.002
166100,0.0009
166200,0.0035
166300,0.0022
166300,0.0022
166400,0.001
166500,0.0011
166500,0.0011
166600,0.0026
166700,0.0022
166800,0.0017
166900,0.0016
167000,0.0009
167100,0.001
167100,0.001
167100,0.0016
167200,0.0015
167300,0.001
167400,0.001
167500,0.0005
167600,0.0006
167700,0.0005
167800,0.0005
167900,0.0006
168000,0.0006
168100,0.0005
168200,0.0005
168300,0.0005
168400,0.0005
168500,0.0009
168600,0.0024
168700,0.0006
168800,0.0011
168900,0.0008
169000,0.0027
169100,0.0014
169200,0.0007
169300,0.0006
169400,0.0005
169500,0.0006
169600,0.0006
169700,0.0004
169800,0.0008
169900,0.0007
170000,0.0015
170100,0.0028
170200,0.0006
170300,0.0032
170400,0.0009
170500,0.0007
170600,0.0005
170700,0.001
170800,0.001
170900,0.0027
171000,0.0024
171100,0.0015
171200,0.0008
171300,0.0008
171400,0.0012
171500,0.003
171600,0.003
171700,0.0004
171800,0.0006
171900,0.0006
172000,0.0006
172100,0.002
172200,0.0005
172300,0.0006
172400,0.001
172500,0.0009
172600,0.0006
172700,0.0006
172800,0.0009
172900,0.0009
173000,0.0005
173100,0.0006
173200,0.0015
173300,0.0011
173400,0.001
173500,0.0008
173600,0.001
173700,0.0005
173800,0.0005
173900,0.0011
174000,0.0012
174000,0.0012
174000,0.0013
174100,0.0014
174200,0.0013
174300,0.0012
174400,0.0019
174600,0.0034
174700,0.0017
174800,0.0009
174900,0.0009
175000,0.0017
175100,0.001
175200,0.0008
175300,0.002
175400,0.0023
175500,0.0013
175600,0.001
175700,0.0011
175800,0.001
175900,0.0008
176000,0.0006
176100,0.0005
176200,0.0018
176300,0.0016
176400,0.0007
176500,0.0007
176600,0.0006
176700,0.0014
176800,0.0011
176900,0.0009
177000,0.0009
177100,0.0005
177200,0.0006
177300,0.001
177400,0.0009
177400,0.0009
177500,0.0009
177600,0.0009
177700,0.0011
177800,0.0008
177900,0.0009
178000,0.0007
178100,0.0005
178200,0.0016
178300,0.0011
178400,0.0009
178500,0.0009
178600,0.0009
178700,0.0009
178800,0.0008
178800,0.0008
178900,0.001
179000,0.0008
179100,0.0014
179200,0.0005
179300,0.0005
179400,0.0006
179500,0.0006
179600,0.0012
179700,0.0009
179800,0.0023
179900,0.0007
180000,0.0008
180100,0.0011
180200,0.0007
180300,0.0006
180400,0.0005
180500,0.0019
180600,0.0007
180700,0.001
180800,0.0009
180900,0.0008
181000,0.0011
181100,0.0009
181100,0.0009
181100,0.001
181200,0.001
181300,0.0009
181300,0.0009
181300,0.0008
181400,0.0005
181500,0.0005
181500,0.0005
181500,0.0031
181600,0.0022
181700,0.0022
181800,0.0009
181900,0.0008
182000,0.0025
182100,0.0021
182200,0.0004
182300,0.0004
182400,0.0006
182500,0.0005
182600,0.0023
182700,0.0015
182800,0.0013
182900,0.0017
183000,0.001
183100,0.0011
183200,0.0005
183300,0.0006
183400,0.0015
183500,0.002
183600,0.0022
183700,0.0008
183800,0.0024
183900,0.0006
184000,0.0033
184100,0.0014
184200,0.0013
184300,0.003
184400,0.0006
184500,0.0007
184600,0.0005
184700,0.0005
184700,0.0005
184700,0.0011
184800,0.0009
184900,0.001
185000,0.0005
185100,0.0005
185100,0.0005
185100,0.0042
185200,0.0023
185300,0.0011
185400,0.0012
185500,0.001
185600,0.0009
185700,0.0008
185800,0.0016
185900,0.0014
186000,0.0006
186100,0.0014
186200,0.0008
186300,0.0005
186300,0.0005
186400,0.0005
186500,0.0023
186600,0.0014
186700,0.002
186800,0.0007
186900,0.0008
187000,0.002
187100,0.0023
187200,0.0008
187300,0.0007
187400,0.0008
187500,0.001
187600,0.0011
187700,0.0013
187800,0.0015
187900,0.0009
188000,0.0008
188100,0.0009
188200,0.0008
188300,0.0005
188400,0.0006
188500,0.0008
188600,0.0008
188700,0.0009
188800,0.001
188900,0.0006
189000,0.0007
189100,0.0009
189200,0.0008
189300,0.0023
189400,0.0004
189500,0.0005
189600,0.0006
189700,0.0006
189800,0.0022
189900,0.0004
190000,0.0004
190100,0.0008
190200,0.0009
190300,0.0008
190400,0.0008
190400,0.0008
190500,0.0005
190600,0.0005
190600,0.0005
190700,0.0023
190800,0.0013
190900,0.0008
191000,0.0008
191100,0.0011
191200,0.0012
191300,0.0015
191400,0.0007
191500,0.0005
191600,0.001
191700,0.0009
191800,0.0007
191900,0.0005
192000,0.0018
192100,0.0013
192200,0.0023
192300,0.0027
192400,0.0017
192500,0.0009
192600,0.0006
192700,0.0022
192800,0.0013
192900,0.0008
193000,0.0008
193100,0.0009
193200,0.0009
193300,0.0008
193400,0.0005
193500,0.0005
193600,0.0009
193700,0.0008
193800,0.0005
193900,0.0005
194000,0.0005
194100,0.0005
194200,0.0005
194300,0.0005
194400,0.0029
194500,0.0004
194600,0.0004
194700,0.0024
194800,0.0018
194900,0.0011
195000,0.0008
195100,0.002
195200,0.0006
195300,0.0005
195400,0.0004
195500,0.0004
195600,0.0007
195700,0.0005
195800,0.0018
195900,0.0008
196000,0.0004
196200,0.0011
196300,0.0013
196400,0.0005
196500,0.0005
196600,0.0004
196700,0.0005
196900,0.0016
197000,0.0015
197100,0.001
197200,0.0009
197300,0.0008
197400,0.0009
197500,0.0008
197600,0.0024
197700,0.0013
197800,0.0004
197900,0.0005
198000,0.0005
198100,0.0023
198200,0.0024
198200,0.0024
198300,0.001
198400,0.001
198500,0.0009
198600,0.0015
198700,0.0013
198800,0.0013
198900,0.0011
199000,0.0008
199100,0.0004
199200,0.0004
199300,0.001
199400,0.0009
199500,0.002
199600,0.0013
199700,0.001
199800,0.0008
199900,0.0022
200000,0.0007
200100,0.0004
200200,0.0011
200300,0.0008
200400,0.0004
200500,0.0004
200600,0.002
200700,0.0014
200800,0.0006
200900,0.0009
201000,0.001
201100,0.0005
201200,0.0004
201300,0.0017
201400,0.0009
201500,0.001
201600,0.0009
201700,0.0005
201800,0.0005
201900,0.0018
202000,0.0014
202100,0.0022
202200,0.0012
202300,0.0015
202400,0.0014
202500,0.0014
202600,0.0006
202700,0.0004
202800,0.0009
202900,0.0007
203000,0.0007
203100,0.0008
203200,0.0009
203300,0.0008
203400,0.0013
203500,0.0016
203600,0.0014
203700,0.0019
203800,0.0007
203900,0.001
204000,0.0012
204100,0.0011
204200,0.0005
204300,0.0013
204400,0.0012
204500,0.0007
204600,0.0008
204700,0.0007
204800,0.0007
204900,0.001
205000,0.0008
205100,0.0007
205200,0.0007
205300,0.0006
205400,0.001
205500,0.0009
205600,0.0004
205700,0.0005
205800,0.0004
205900,0.0004
206000,0.0008
206100,0.0009
206200,0.0009
206300,0.0016
206400,0.0014
206500,0.002
206600,0.0008
206700,0.0021
206800,0.002
206900,0.002
207000,0.0008
207100,0.0007
207100,0.0007
207100,0.0024
207200,0.0004
207400,0.0004
207500,0.0022
207600,0.0014
207700,0.0012
207800,0.0011
207800,0.0011
207800,0.0009
207900,0.0007
208000,0.0021
208100,0.002
208200,0.0016
208300,0.0004
208400,0.0004
208500,0.0011
208600,0.0008
208700,0.0004
208800,0.0005
209000,0.0008
209100,0.0007
209200,0.0005
209300,0.0005
209400,0.0013
209500,0.0013
209600,0.0012
209700,0.0009
209800,0.001
209900,0.001
210000,0.0009
210100,0.0004
210200,0.0004
210300,0.003
210400,0.0011
210500,0.0012
210600,0.0008
210700,0.0005
210800,0.0004
210900,0.0013
211000,0.0015
211100,0.0021
211200,0.0007
211300,0.0009
211400,0.001
211600,0.0013
211700,0.0007
211800,0.0012
211900,0.0014
212000,0.0006
212100,0.0006
212200,0.0017
212300,0.0008
212400,0.001
212500,0.0005
212600,0.0004
212700,0.0005
212800,0.0005
212900,0.0005
213000,0.0005
213100,0.0021
213200,0.0012
213300,0.0013
213300,0.0013
213400,0.0011
213500,0.0005
213600,0.0006
213700,0.0008
213800,0.0008
213900,0.0013
214000,0.001
214100,0.0008
214200,0.0014
214300,0.0011
214400,0.0008
214500,0.0019
214600,0.0006
214700,0.0015
214800,0.0006
214900,0.0007
215000,0.0006
215100,0.0004
215200,0.0004
215300,0.0008
215400,0.0009
215500,0.0006
215600,0.0007
215700,0.002
215800,0.0005
215900,0.0004
216000,0.001
216100,0.0009
216200,0.0017
216300,0.0006
216400,0.0004
216500,0.0016
216600,0.0012
216700,0.0009
216800,0.0008
216900,0.0004
217000,0.0004
217100,0.0004
217200,0.0005
217300,0.0009
217400,0.0009
217400,0.0009
217500,0.0007
217600,0.0008
217700,0.0008
217800,0.0021
217900,0.0017
218000,0.0007
218100,0.0006
218200,0.0005
218300,0.0006
218400,0.0007
218500,0.0008
218600,0.0005
218700,0.0005
218800,0.0009
218900,0.0008
219000,0.001
219100,0.0004
219200,0.0004
219300,0.0009
219500,0.0007
219600,0.0008
219700,0.0007
219800,0.0007
219900,0.0006
220000,0.0008
220100,0.0009
220200,0.0015
220300,0.0023
220400,0.002
220500,0.0006
220600,0.0007
220600,0.0007
220700,0.0009
220800,0.003
220900,0.0006
221000,0.0006
221100,0.0004
221200,0.0005
221300,0.0008
221400,0.0008
221500,0.0012
221600,0.0012
221700,0.0004
221800,0.0005
221900,0.0004
222000,0.0013
222100,0.0014
222200,0.0018
222300,0.0006
222400,0.0008
222500,0.0018
222600,0.0009
222700,0.0008
222800,0.0006
222900,0.0007
222900,0.0007
223000,0.0009
223100,0.0008
223200,0.0006
223300,0.0005
223400,0.0005
223500,0.0027
223600,0.0022
223700,0.0019
223700,0.0019
223800,0.0017
223900,0.0004
224000,0.0005
224100,0.0004
224200,0.0004
224300,0.0006
224400,0.0007
224400,0.0007
224500,0.0004
224600,0.0004
224700,0.0008
224800,0.0011
224900,0.0014
225000,0.0004
225100,0.0003
225200,0.0012
225300,0.0006
225400,0.0006
225500,0.0007
225600,0.0007
225700,0.0006
225800,0.0005
225900,0.0009
226000,0.0008
226000,0.0008
226100,0.0007
226200,0.001
226300,0.0008
226400,0.001
226500,0.0007
226600,0.0005
226700,0.0005
226800,0.0027
226900,0.0019
227000,0.0009
227100,0.0006
227200,0.0005
227300,0.0005
227400,0.0008
227600,0.0005
227700,0.0004
227800,0.0009
227900,0.0008
228000,0.0008
228100,0.0008
228300,0.0008
228400,0.0005
228500,0.0005
228600,0.001
228700,0.0004
228800,0.0004
228900,0.0007
229000,0.0006
229100,0.0019
229200,0.0004
229300,0.0004
229400,0.0007
229500,0.0007
229600,0.0008
229700,0.0008
229800,0.0009
229900,0.0016
230000,0.0018
230000,0.0018
230100,0.0008
230300,0.002
230300,0.002
230300,0.0012
230400,0.0004
230500,0.0004
230500,0.0004
230500,0.0012
230600,0.0007
230700,0.0014
230800,0.0011
230900,0.0021
231000,0.001
231100,0.0012
231200,0.0013
231300,0.0015
231400,0.0012
231500,0.0004
231600,0.0005
231600,0.0005
231700,0.0009
231900,0.0014
232000,0.001
232100,0.0005
232200,0.0005
232300,0.0004
232400,0.0004
232500,0.0013
232600,0.0013
232700,0.0003
232800,0.0004
232800,0.0004
232900,0.0005
233000,0.0004
233100,0.0018
233200,0.0007
233300,0.0007
233400,0.0004
233500,0.0005
233600,0.0005
233700,0.0007
233800,0.0008
233900,0.0005
234000,0.0007
234100,0.0015
234200,0.0014
234300,0.0012
234400,0.001
234500,0.0023
234600,0.0013
234700,0.0006
234900,0.0013
235000,0.0012
235100,0.001
235200,0.0006
235300,0.0004
235400,0.0008
235500,0.0009
235600,0.0017
235700,0.0018
235700,0.0018
235800,0.0007
235900,0.0007
235900,0.0007
235900,0.0014
236000,0.0007
236100,0.0009
236200,0.0008
236300,0.0007
236400,0.0006
236500,0.0004
236600,0.0004
236700,0.0007
236800,0.0007
236900,0.0005
237000,0.0004
237100,0.0008
237200,0.0007
237300,0.0012
237400,0.0006
237500,0.0006
237600,0.0004
237700,0.0004
237800,0.0012
237900,0.0009
238000,0.0007
238100,0.0008
238200,0.0007
238300,0.0013
238400,0.0012
238500,0.0012
238600,0.0005
238700,0.0004
238800,0.0008
239000,0.0005
239100,0.0004
239200,0.0004
239300,0.0004
239400,0.0012
239500,0.0011
239600,0.0004
239700,0.0015
239800,0.0012
240000,0.0003
240100,0.0006
240200,0.0007
240300,0.0007
240400,0.0007
240400,0.0007
240500,0.0008
240600,0.0004
240700,0.0004
240800,0.0007
240900,0.0006
241000,0.0013
241100,0.0012
241200,0.0015
241300,0.0015
241400,0.0008
241500,0.0009
241600,0.0007
241700,0.0007
241800,0.0018
241900,0.0004
242100,0.0022
242200,0.0024
242300,0.0008
242400,0.0007
242500,0.0004
242600,0.0004
242700,0.0018
242800,0.0004
242900,0.0003
243000,0.0008
243100,0.0007
243200,0.0007
243300,0.0004
243400,0.001
243500,0.001
243600,0.0005
243700,0.0004
243800,0.0011
243900,0.0011
243900,0.0011
244000,0.0003
244100,0.0004
244200,0.001
244400,0.0009
244500,0.0018
244600,0.0018
244700,0.001
244800,0.0006
244900,0.0009
245000,0.0006
245100,0.0011
245200,0.0021
245300,0.002
245300,0.002
245400,0.0007
245500,0.0015
245600,0.0031
245700,0.0004
245800,0.0005
245900,0.0006
246000,0.0007
246100,0.0008
246200,0.0006
246300,0.0006
246400,0.001
246500,0.0006
246600,0.0005
246700,0.0004
246800,0.0004
246900,0.0005
247000,0.0004
247100,0.0004
247200,0.0012
247300,0.0012
247400,0.001
247500,0.0006
247600,0.0006
247600,0.0006
247600,0.0033
247700,0.0004
247800,0.0004
247900,0.0004
248000,0.0004
248000,0.0004
248100,0.0016
248200,0.0016
248300,0.0011
248400,0.0008
248400,0.0008
248500,0.0021
248600,0.0003
248700,0.0003
248800,0.0005
248900,0.0014
249000,0.0004
249100,0.0016
249200,0.0009
249300,0.0009
249400,0.0007
249500,0.0007
249600,0.0008
249700,0.0004
249800,0.0004
249900,0.0011
250000,0.0006
250100,0.0005
250200,0.0009
250300,0.0007
250400,0.0004
250500,0.0005
250600,0.0012
250700,0.001
250800,0.0011
250900,0.0011
251000,0.0006
251100,0.0004
251200,0.0008
251300,0.0006
251400,0.0005
251500,0.0006
251600,0.0017
251700,0.0006
251800,0.0005
251900,0.0005
252000,0.0006
252100,0.0011
252200,0.0007
252300,0.0007
252400,0.0007
252500,0.0007
252600,0.0007
252700,0.0007
252800,0.0018
252900,0.0006
253000,0.0004
253100,0.0008
253200,0.0006
253300,0.0006
253400,0.0006
253500,0.0005
253600,0.0004
253700,0.0007
253800,0.0007
253900,0.0015
254000,0.0006
254100,0.0007
254200,0.0017
254300,0.0004
254400,0.0004
254500,0.0007
254600,0.0006
254700,0.0006
254800,0.0006
254900,0.0008
255000,0.0007
255100,0.0006
255200,0.0019
255200,0.0019
255300,0.0013
255400,0.0004
255500,0.0003
255600,0.0003
255700,0.0003
255800,0.0014
255900,0.0006
256000,0.0004
256100,0.0008
256200,0.0007
256300,0.0006
256400,0.0006
256500,0.0004
256600,0.0003
256700,0.0021
256800,0.0007
257000,0.0006
257100,0.0005
257200,0.0004
257300,0.0004
257400,0.0011
257500,0.0007
257600,0.0007
257700,0.0017
257800,0.0004
257900,0.0004
258000,0.0008
258100,0.0008
258200,0.0006
258300,0.0006
258400,0.0004
258500,0.0003
258600,0.001
258700,0.0006
258800,0.0006
258900,0.0009
259000,0.0009
259000,0.0009
259000,0.001
259100,0.0011
259200,0.0007
259300,0.0008
259400,0.0006
259500,0.0007
259600,0.0017
259700,0.0003
259800,0.0003
259900,0.0007
260000,0.0009
260100,0.0007
260200,0.0005
260400,0.0018
260500,0.0015
260600,0.0005
260700,0.0006
260800,0.0006
260900,0.0006
261000,0.0006
261100,0.0012
261200,0.0017
261300,0.0017
261400,0.0004
261500,0.0004
261600,0.0006
261700,0.0016
261800,0.0015
261800,0.0015
261900,0.0006
262000,0.0018
262100,0.0007
262200,0.0004
262300,0.001
262400,0.0006
262500,0.0008
262600,0.0005
262700,0.0007
262800,0.0007
262900,0.0016
263000,0.0007
263100,0.0006
263200,0.0008
263300,0.0006
263400,0.0007
263500,0.0008
263600,0.0005
263700,0.0004
263800,0.0008
263900,0.0006
264000,0.0008
264100,0.0005
264100,0.0005
264200,0.0003
264300,0.0004
264400,0.0006
264500,0.0005
264600,0.0009
264700,0.0006
264800,0.0006
264900,0.0018
265000,0.0008
265100,0.0004
265200,0.0007
265300,0.0007
265400,0.0005
265500,0.0009
265600,0.0006
265700,0.0018
265800,0.0018
265900,0.0004
266000,0.0005
266100,0.0007
266300,0.0007
266400,0.0004
266500,0.0004
266600,0.0003
266700,0.0003
266800,0.0006
266900,0.0007
267000,0.0004
267100,0.0004
267200,0.001
267300,0.001
267400,0.001
267500,0.0006
267700,0.0017
267800,0.0003
267900,0.0003
268000,0.0006
268100,0.0005
268200,0.0014
268300,0.0003
268500,0.0006
268600,0.0005
268700,0.0003
268800,0.0003
268900,0.0006
269000,0.0005
269100,0.0004
269200,0.0021
269300,0.0006
269400,0.0003
269500,0.0013
269600,0.001
269700,0.0006
269800,0.0006
269900,0.0005
270000,0.0005
270100,0.0017
270200,0.001
270300,0.0009
270400,0.0007
270500,0.001
270600,0.001
270700,0.0005
270800,0.0005
270900,0.001
271000,0.0005
271100,0.0005
271200,0.0008
271300,0.0006
271400,0.0017
271500,0.0016
271600,0.0012
271700,0.0011
271800,0.0007
271900,0.0007
272000,0.0007
272100,0.0006
272200,0.0005
272300,0.0007
272400,0.0005
272500,0.0006
272600,0.0006
272700,0.0003
272800,0.0003
272900,0.0017
273000,0.0007
273100,0.0007
273200,0.0007
273300,0.0006
273400,0.0006
273500,0.0006
273600,0.0005
273700,0.0009
273800,0.0014
273900,0.0015
274000,0.0004
274100,0.0004
274200,0.0005
274300,0.0006
274400,0.0004
274500,0.0004
274600,0.0008
274700,0.0007
274800,0.0006
274900,0.0004
275000,0.0005
275100,0.0011
275200,0.001
275300,0.0006
275400,0.0006
275500,0.0006
275600,0.0003
275700,0.0003
275800,0.0006
275900,0.0006
276000,0.0004
276100,0.0004
276200,0.0006
276300,0.0007
276400,0.0012
276500,0.0011
276600,0.0004
276700,0.0014
276800,0.001
276900,0.0006
277000,0.0007
277100,0.001
277200,0.0007
277300,0.0007
277400,0.0006
277500,0.0005
277600,0.0016
277700,0.0004
277800,0.0004
277900,0.0004
278000,0.0003
278100,0.0007
278200,0.0005
278300,0.0007
278400,0.0006
278500,0.0005
278600,0.0004
278700,0.0004
278800,0.0004
278900,0.0016
279000,0.001
279100,0.001
279200,0.0005
279300,0.0017
279400,0.0016
279500,0.0005
279600,0.0005
279700,0.0009
279800,0.0006
279900,0.0004
280000,0.0004
280100,0.0004
280200,0.0014
280300,0.0014
280400,0.0015
280500,0.0006
280600,0.0007
280700,0.0015
280800,0.0017
280900,0.0007
281000,0.0006
281100,0.0004
281200,0.0004
281300,0.0003
281400,0.0003
281500,0.0017
281600,0.0012
281700,0.0006
281800,0.0004
281900,0.0012
282000,0.0011
282100,0.0005
282200,0.0006
282300,0.0005
282400,0.0006
282500,0.0004
282600,0.0003
282600,0.0003
282800,0.0008
282900,0.0006
283000,0.0014
283100,0.0012
283200,0.0003
283300,0.0009
283400,0.0008
283500,0.0004
283600,0.0005
283700,0.0018
283800,0.0007
283900,0.0004
284000,0.0003
284100,0.0004
284200,0.0014
284300,0.0005
284400,0.0004
284500,0.0005
284600,0.0003
284700,0.0021
284800,0.0012
284900,0.0006
285000,0.0004
285100,0.0004
285200,0.0004
285300,0.0004
285400,0.0004
285500,0.0003
285600,0.0008
285700,0.0007
285800,0.0006
285900,0.0008
286000,0.0014
286100,0.0003
286200,0.0003
286300,0.0007
286400,0.0006
286500,0.0004
286600,0.0004
286700,0.0012
286800,0.0016
286900,0.0013
287000,0.001
